{"cameraMode":{"drawMode":0,"name":"Shaded","section":"Shading Mode"},"sceneLighting":false,"audioPlay":false,"sceneViewState":{"m_AlwaysRefresh":false,"showFog":true,"showSkybox":false,"showFlares":true,"showImageEffects":true,"showParticleSystems":true,"showVisualEffectGraphs":true,"m_FxEnabled":true},"in2DMode":false,"pivot":{"x":148.0049285888672,"y":19.496353149414064,"z":10.207616806030274},"rotation":{"x":0.0008388978894799948,"y":0.9973682165145874,"z":0.07162442803382874,"w":-0.011669010855257512},"size":8.337246894836426,"orthographic":false}