{"cameraMode":{"drawMode":0,"name":"Shaded","section":"Shading Mode"},"sceneLighting":false,"audioPlay":false,"sceneViewState":{"m_AlwaysRefresh":false,"showFog":true,"showSkybox":false,"showFlares":true,"showImageEffects":true,"showParticleSystems":true,"showVisualEffectGraphs":true,"m_FxEnabled":true},"in2DMode":false,"pivot":{"x":14.796512603759766,"y":10.787731170654297,"z":13.04638957977295},"rotation":{"x":-0.006361860781908035,"y":0.9433134198188782,"z":-0.33136194944381716,"w":-0.0181135106831789},"size":5.7714948654174809,"orthographic":false}