{"cameraMode":{"drawMode":0,"name":"Shaded","section":"Shading Mode"},"sceneLighting":false,"audioPlay":false,"sceneViewState":{"m_AlwaysRefresh":false,"showFog":true,"showSkybox":false,"showFlares":true,"showImageEffects":true,"showParticleSystems":true,"showVisualEffectGraphs":true,"m_FxEnabled":true},"in2DMode":false,"pivot":{"x":0.31610041856765749,"y":3.5165276527404787,"z":36.29999923706055},"rotation":{"x":0.42130881547927859,"y":0.19205105304718018,"z":-0.09178077429533005,"w":0.8815878629684448},"size":0.2872281074523926,"orthographic":false}