{"cameraMode":{"drawMode":0,"name":"Shaded","section":"Shading Mode"},"sceneLighting":true,"audioPlay":false,"sceneViewState":{"m_AlwaysRefresh":false,"showFog":true,"showSkybox":true,"showFlares":true,"showImageEffects":true,"showParticleSystems":true,"showVisualEffectGraphs":true,"m_FxEnabled":true},"in2DMode":false,"pivot":{"x":173.6717987060547,"y":170.30648803710938,"z":-228.81497192382813},"rotation":{"x":0.23680052161216737,"y":-0.3722814917564392,"z":0.09883513301610947,"w":0.8919498920440674},"size":45.72339630126953,"orthographic":true}